{
  "horizon": 1,
  "cv_best_params": {
    "est__activation": "relu",
    "est__alpha": 0.001,
    "est__hidden_layer_sizes": [
      32
    ],
    "est__learning_rate_init": 0.005
  },
  "metrics": {
    "naive_t1": {
      "MAE": 11.991040061373477,
      "RMSE": 14.497014231312379,
      "R2": -1.1165804970563133,
      "MAPE%": 8.250671898227298
    },
    "naive_t7": {
      "MAE": 8.66821198403705,
      "RMSE": 10.404917639221757,
      "R2": -0.09032244729636685,
      "MAPE%": 5.9496976589098045
    },
    "ridge": {
      "MAE": 7.138147771427389,
      "RMSE": 8.574776436261688,
      "R2": 0.2595030548332471,
      "MAPE%": 5.013650557603523
    },
    "mlp": {
      "MAE": 10.330867025341067,
      "RMSE": 11.954907559051804,
      "R2": -0.4393622362886389,
      "MAPE%": 7.251026346415745
    }
  }
}